Date,Open,High,Low,Close,Adj Close,Volume,Company
1985-01-01,0.099672754,0.106517579,0.095395216,0.099244997,6366416000,0.099244997,Apple
1985-02-01,0.099245027,0.105234353,0.084700629,0.084700629,4733388800,0.084700629,Apple
1985-03-01,0.084700607,0.088978145,0.071011721,0.07571701,4615587200,0.07571701,Apple
1985-04-01,0.075716999,0.078712043,0.06716193,0.072722726,2868028800,0.072722726,Apple
1985-05-01,0.072722712,0.076144741,0.057750572,0.059461586,4639129600,0.059461586,Apple
1985-06-01,0.058178335,0.06331138,0.050478002,0.061600365,5811388800,0.061600365,Apple
1985-07-01,0.06202814,0.062455897,0.054328576,0.054328576,2600595200,0.054328576,Apple
1985-08-01,0.054328538,0.055184045,0.04962248,0.051333494,1818745600,0.051333494,Apple
1985-09-01,0.051333491,0.059033821,0.050477984,0.053900778,1797196800,0.053900778,Apple
1985-10-01,0.053900796,0.065878665,0.051333508,0.063739128,3785913600,0.063739128,Apple
1985-11-01,0.063739135,0.071011717,0.063739135,0.068872951,2884672000,0.068872951,Apple
1985-12-01,0.068872939,0.078284286,0.065878661,0.075289242,3571209600,0.075289242,Apple
1986-01-01,0.075289219,0.084700563,0.074433712,0.079139769,6291801600,0.079139769,Apple
1986-02-01,0.079139802,0.091545422,0.078284294,0.085556105,3420860800,0.085556105,Apple
1986-03-01,0.085556108,0.101383765,0.082989586,0.096678466,4264332800,0.096678466,Apple
1986-04-01,0.096678456,0.112078354,0.089834402,0.103523292,4462684800,0.103523292,Apple
1986-05-01,0.103523324,0.128334571,0.101812308,0.126623556,4954051200,0.126623556,Apple
1986-06-01,0.126623475,0.133895288,0.111222816,0.122772925,4063360000,0.122772925,Apple
1986-07-01,0.122772939,0.129190017,0.102667757,0.106945299,5691638400,0.106945299,Apple
1986-08-01,0.106517598,0.130045587,0.104806582,0.126623556,3643516800,0.126623556,Apple
1986-09-01,0.127051279,0.127051279,0.108228584,0.114645652,3578198400,0.114645652,Apple
1986-10-01,0.114217885,0.120634187,0.110367333,0.118495427,2984038400,0.118495427,Apple
1986-11-01,0.118923217,0.141167946,0.115928932,0.136889637,5206163200,0.136889637,Apple
1986-12-01,0.136889612,0.150151506,0.133895339,0.138601393,4762576000,0.138601393,Apple
1987-01-01,0.138173631,0.195923452,0.137317364,0.189934894,8268915200,0.189934894,Apple
1987-02-01,0.189934929,0.244262719,0.176673799,0.23955743,6616176000,0.23955743,Apple
1987-03-01,0.24041284,0.24126833,0.213035078,0.220734626,5959318400,0.220734626,Apple
1987-04-01,0.215601593,0.273779921,0.213462822,0.271213382,6813161600,0.271213382,Apple
1987-05-01,0.27206897,0.281480323,0.248113231,0.270357966,3838956800,0.270357966,Apple
1987-06-01,0.272483046,0.296475245,0.260486947,0.277623892,3497536000,0.277623892,Apple
1987-07-01,0.279337522,0.306757736,0.250204478,0.282765538,3070256000,0.282765538,Apple
1987-08-01,0.281051172,0.371879135,0.274196718,0.370165527,3119300800,0.370165527,Apple
1987-09-01,0.375791464,0.403247124,0.332893309,0.387803048,3075486400,0.387803048,Apple
1987-10-01,0.389518897,0.410110464,0.189611957,0.265113264,6575699200,0.265113264,Apple
1987-11-01,0.265971233,0.274551196,0.209344854,0.226504758,4234238400,0.226504758,Apple
1987-12-01,0.230437812,0.300945062,0.204642642,0.28890726,4702264000,0.28890726,Apple
1988-01-01,0.294066063,0.318141675,0.263112167,0.285468191,6221600000,0.285468191,Apple
1988-02-01,0.287187672,0.300945038,0.259672917,0.295786321,3368467200,0.295786321,Apple
1988-03-01,0.298092693,0.329107655,0.26707695,0.275692582,4882102400,0.275692582,Apple
1988-04-01,0.273969688,0.29206162,0.265354076,0.282584518,3297929600,0.282584518,Apple
1988-05-01,0.280861629,0.297231367,0.257600015,0.286031306,2638507200,0.286031306,Apple
1988-06-01,0.286597162,0.322853402,0.284870796,0.319399863,3534731200,0.319399863,Apple
1988-07-01,0.321126955,0.328032439,0.291776209,0.306451201,2186419200,0.306451201,Apple
1988-08-01,0.307314224,0.315946876,0.271058011,0.27537474,2653313600,0.27537474,Apple
1988-09-01,0.275029098,0.306164,0.261191289,0.299245477,3060321600,0.299245477,Apple
1988-10-01,0.297515994,0.299245614,0.259460981,0.267245114,3563649600,0.267245114,Apple
1988-11-01,0.266380147,0.275029074,0.245623031,0.260326445,2939865600,0.260326445,Apple
1988-12-01,0.261880603,0.291363467,0.260145609,0.279223323,2946070400,0.279223323,Apple
1989-01-01,0.279223453,0.305237938,0.25147476,0.261880726,7345833600,0.261880726,Apple
1989-02-01,0.261880609,0.279223329,0.244537079,0.251474649,4886268800,0.251474649,Apple
1989-03-01,0.252167829,0.253906816,0.233037528,0.247819617,3859676800,0.247819617,Apple
1989-04-01,0.246950336,0.289558397,0.235646211,0.271297574,3966424000,0.271297574,Apple
1989-05-01,0.267819635,0.340861353,0.267819635,0.332165688,5253382400,0.332165688,Apple
1989-06-01,0.332893269,0.350322693,0.275378208,0.287578493,3941280000,0.287578493,Apple
1989-07-01,0.291064154,0.29280693,0.263178003,0.277121067,3688630400,0.277121067,Apple
1989-08-01,0.277121086,0.318950305,0.273634721,0.31023559,3352305600,0.31023559,Apple
1989-09-01,0.310971677,0.326695552,0.300490167,0.310971677,2020849600,0.310971677,Apple
1989-10-01,0.310971646,0.352027457,0.2969955,0.324948609,4125049600,0.324948609,Apple
1989-11-01,0.323200901,0.330189383,0.296995518,0.309224755,2524939200,0.309224755,Apple
1989-12-01,0.311737901,0.320494817,0.227674349,0.246938601,5941185600,0.246938601,Apple
1990-01-01,0.246938596,0.271457335,0.225046716,0.23818168,3747497600,0.23818168,Apple
1990-02-01,0.241684929,0.246938596,0.225922311,0.23818168,2483891200,0.23818168,Apple
1990-03-01,0.23543527,0.3048363,0.233678413,0.282873869,4556473600,0.282873869,Apple
1990-04-01,0.281116961,0.310985277,0.26793966,0.276724786,3642475200,0.276724786,Apple
1990-05-01,0.279360028,0.300443214,0.27233176,0.289902031,4115630400,0.289902031,Apple
1990-06-01,0.291587318,0.316253291,0.264277936,0.315372437,3952054400,0.315372437,Apple
1990-07-01,0.313609861,0.336514102,0.281896943,0.295991659,4163812800,0.295991659,Apple
1990-08-01,0.295991765,0.308324755,0.236088545,0.260754526,3128339200,0.260754526,Apple
1990-09-01,0.258008502,0.265076749,0.192623031,0.204993308,2206948800,0.204993308,Apple
1990-10-01,0.208527394,0.226198846,0.171416597,0.217363521,5056116800,0.217363521,Apple
1990-11-01,0.215595683,0.272145813,0.210294492,0.259775549,3254608000,0.259775549,Apple
1990-12-01,0.26418991,0.320929083,0.262416923,0.304971516,4094092800,0.304971516,Apple
1991-01-01,0.30319763,0.397171625,0.297878719,0.393625677,7037307200,0.393625677,Apple
1991-02-01,0.393625722,0.441499218,0.388306005,0.40603736,5545780800,0.40603736,Apple
1991-03-01,0.405115288,0.499286289,0.405115288,0.483295113,5210598400,0.483295113,Apple
1991-04-01,0.483294881,0.520608081,0.387346426,0.390899837,7243051200,0.390899837,Apple
1991-05-01,0.341149022,0.382016454,0.312720135,0.334042221,7972843200,0.334042221,Apple
1991-06-01,0.334896904,0.352710209,0.286799901,0.295706958,4091662400,0.295706958,Apple
1991-07-01,0.301050697,0.343803956,0.297488217,0.329552323,3783494400,0.329552323,Apple
1991-08-01,0.327770963,0.395463295,0.3259897,0.377649188,4172649600,0.377649188,Apple
1991-09-01,0.376716582,0.382073224,0.332082381,0.353506446,2393070400,0.353506446,Apple
1991-10-01,0.351721217,0.401712092,0.332082435,0.367789477,3593990400,0.367789477,Apple
1991-11-01,0.366004099,0.394570872,0.339223396,0.362433553,3696033600,0.362433553,Apple
1991-12-01,0.363305215,0.415205858,0.347198316,0.403572857,2607169600,0.403572857,Apple
1992-01-01,0.399099094,0.493951731,0.397309515,0.463527501,4703160000,0.463527501,Apple
1992-02-01,0.46352744,0.501110746,0.442051013,0.483214289,2534996800,0.483214289,Apple
1992-03-01,0.485910913,0.491289642,0.414189529,0.417775333,2985662400,0.417775333,Apple
1992-04-01,0.410603884,0.439292095,0.38012191,0.431223184,3931390400,0.431223184,Apple
1992-05-01,0.430326551,0.45363607,0.417775353,0.428533673,2703724800,0.428533673,Apple
1992-06-01,0.410603807,0.426740812,0.306607539,0.34426114,4851683200,0.34426114,Apple
1992-07-01,0.344953496,0.35573343,0.312614555,0.335970908,3632809600,0.335970908,Apple
1992-08-01,0.335971017,0.339564057,0.298241677,0.330580652,2746531200,0.330580652,Apple
1992-09-01,0.333270459,0.360293132,0.315256178,0.325164407,3055662400,0.325164407,Apple
1992-10-01,0.322462279,0.38911619,0.29904313,0.378307283,3531427200,0.378307283,Apple
1992-11-01,0.378307528,0.428748532,0.371101313,0.41433692,3126547200,0.41433692,Apple
1992-12-01,0.413413224,0.442297719,0.393554577,0.431465834,3334318400,0.431465834,Apple
1993-01-01,0.429660648,0.471182221,0.413413231,0.429660648,5542264000,0.429660648,Apple
1993-02-01,0.427855328,0.444102788,0.371890681,0.382722586,4651281600,0.382722586,Apple
1993-03-01,0.383557324,0.417932997,0.363656215,0.372701794,3661526400,0.372701794,Apple
1993-04-01,0.370892644,0.379939043,0.338326903,0.370892644,3914411200,0.370892644,Apple
1993-05-01,0.37089267,0.427883941,0.36908354,0.409791142,3200545600,0.409791142,Apple
1993-06-01,0.409741183,0.422432289,0.279204343,0.286456764,7674396800,0.286456764,Apple
1993-07-01,0.282830158,0.288269667,0.18492791,0.201244816,7142912000,0.201244816,Apple
1993-08-01,0.20487058,0.223001219,0.187647244,0.192179486,3683164800,0.192179486,Apple
1993-09-01,0.193025358,0.196667115,0.167531427,0.170262739,3668022400,0.170262739,Apple
1993-10-01,0.165710593,0.234908062,0.160247955,0.223982811,5905323200,0.223982811,Apple
1993-11-01,0.223982788,0.254939348,0.216698445,0.229445413,3452108800,0.229445413,Apple
1993-12-01,0.233924703,0.237580376,0.193718971,0.213822246,3956971200,0.213822246,Apple
1994-01-01,0.215649713,0.257682848,0.210166605,0.239407822,7332035200,0.239407822,Apple
1994-02-01,0.241235273,0.279613591,0.235752164,0.266820818,4284459200,0.266820818,Apple
1994-03-01,0.269613526,0.282452265,0.231097308,0.243936047,5257985600,0.243936047,Apple
1994-04-01,0.236599186,0.251272754,0.198082993,0.220092475,4042136000,0.220092475,Apple
1994-05-01,0.220092624,0.247604113,0.209087881,0.214590669,3361657600,0.214590669,Apple
1994-06-01,0.209913341,0.210833962,0.18137263,0.195182681,4671788800,0.195182681,Apple
1994-07-01,0.194262051,0.250422836,0.186897146,0.248121321,4848065600,0.248121321,Apple
1994-08-01,0.247661127,0.275281243,0.236612934,0.266535401,4574897600,0.266535401,Apple
1994-09-01,0.261453076,0.275310969,0.246671396,0.24898091,3232644800,0.24898091,Apple
1994-10-01,0.248518849,0.3233519,0.240204635,0.319194794,7713484800,0.319194794,Apple
1994-11-01,0.316885389,0.321388516,0.268844283,0.275310904,4048945600,0.275310904,Apple
1994-12-01,0.274285839,0.295598915,0.257606548,0.289112002,3787795200,0.289112002,Apple
1995-01-01,0.288185341,0.356293298,0.280772682,0.299305171,8162100800,0.299305171,Apple
1995-02-01,0.302084924,0.329884041,0.281699283,0.292819113,5299347200,0.292819113,Apple
1995-03-01,0.295482441,0.302915481,0.251810015,0.262031257,6997144000,0.262031257,Apple
1995-04-01,0.263889478,0.294553247,0.249951694,0.284332007,5674300800,0.284332007,Apple
1995-05-01,0.284332028,0.329861878,0.278756393,0.30895561,6384672000,0.30895561,Apple
1995-06-01,0.312141734,0.373638542,0.30934662,0.346151531,5521947200,0.346151531,Apple
1995-07-01,0.346617217,0.371774945,0.320527777,0.335435897,5699579200,0.335435897,Apple
1995-08-01,0.334504325,0.344753091,0.3121417,0.320527911,5292918400,0.320527911,Apple
1995-09-01,0.321402842,0.340088661,0.259738175,0.278423995,7311483200,0.278423995,Apple
1995-10-01,0.282161687,0.295709128,0.251328934,0.271416962,6498508800,0.271416962,Apple
1995-11-01,0.273752745,0.317665001,0.265343667,0.284964591,4864294400,0.284964591,Apple
1995-12-01,0.284915195,0.300847753,0.237116669,0.238990977,6560243200,0.238990977,Apple
1996-01-01,0.241802396,0.266170249,0.201385278,0.207125813,10300214400,0.207125813,Apple
1996-02-01,0.206188679,0.226807044,0.204314358,0.206188679,4652099200,0.206188679,Apple
1996-03-01,0.207125824,0.207125824,0.172448375,0.184163719,3346750400,0.184163719,Apple
1996-04-01,0.188380876,0.19869048,0.178072123,0.182757929,2867076800,0.182757929,Apple
1996-05-01,0.182758004,0.21649829,0.176197037,0.195879087,3603902400,0.195879087,Apple
1996-06-01,0.194004776,0.19494193,0.147143392,0.157453001,4673939200,0.157453001,Apple
1996-07-01,0.158390135,0.170574062,0.119964056,0.164951101,4803489600,0.164951101,Apple
1996-08-01,0.164951075,0.187443755,0.155578636,0.181820795,3187374400,0.181820795,Apple
1996-09-01,0.180883679,0.184632308,0.151830027,0.166356847,3213548800,0.166356847,Apple
1996-10-01,0.1649511,0.208062986,0.1649511,0.172448382,5816977600,0.172448382,Apple
1996-11-01,0.175259878,0.197753403,0.173385557,0.180883691,2581364800,0.180883691,Apple
1996-12-01,0.180883664,0.191193258,0.155578655,0.156515822,4147483200,0.156515822,Apple
1997-01-01,0.158390097,0.166825382,0.123712667,0.124650672,9072739200,0.124650672,Apple
1997-02-01,0.126525045,0.134022316,0.113403961,0.121838398,4574169600,0.121838398,Apple
1997-03-01,0.123712704,0.145269062,0.119026897,0.136833787,4502243200,0.136833787,Apple
1997-04-01,0.13214802,0.149017749,0.125587902,0.127462223,3809724800,0.127462223,Apple
1997-05-01,0.126524992,0.134959426,0.122775501,0.124650672,2292707200,0.124650672,Apple
1997-06-01,0.127462156,0.128399323,0.104968637,0.106842957,2572304000,0.106842957,Apple
1997-07-01,0.104500054,0.135896583,0.095596193,0.131210789,6782372800,0.131210789,Apple
1997-08-01,0.132147969,0.221652648,0.131679398,0.163075939,17675705600,0.163075939,Apple
1997-09-01,0.164951069,0.174322669,0.15745295,0.162607327,3606075200,0.162607327,Apple
1997-10-01,0.162607388,0.185569498,0.119026911,0.127696484,6430043200,0.127696484,Apple
1997-11-01,0.131679409,0.161201632,0.126525031,0.133085147,5547483200,0.133085147,Apple
1997-12-01,0.132616538,0.134490859,0.095596201,0.09840852,5097792000,0.09840852,Apple
1998-01-01,0.102157178,0.149954868,0.101220018,0.137302369,10211577600,0.137302369,Apple
1998-02-01,0.138708954,0.179009371,0.130273679,0.17713505,7354166400,0.17713505,Apple
1998-03-01,0.176665617,0.20993732,0.162138785,0.206188679,10625977600,0.206188679,Apple
1998-04-01,0.205720101,0.222121241,0.185100897,0.20525153,8081886400,0.20525153,Apple
1998-05-01,0.206188664,0.237116634,0.192130428,0.199627697,6803339200,0.199627697,Apple
1998-06-01,0.198690564,0.21743546,0.192130448,0.215091705,3909841600,0.215091705,Apple
1998-07-01,0.216498287,0.285852341,0.213685962,0.259610176,10927660800,0.259610176,Apple
1998-08-01,0.256798728,0.328027098,0.232430869,0.233836606,13220872000,0.233836606,Apple
1998-09-01,0.235242222,0.301316204,0.229619275,0.285852224,8080318400,0.285852224,Apple
1998-10-01,0.275542723,0.309751591,0.213685954,0.278354198,12930926400,0.278354198,Apple
1998-11-01,0.281165686,0.295224787,0.238053797,0.239459559,10123523200,0.239459559,Apple
1998-12-01,0.239927985,0.311157156,0.237116512,0.306939095,12924105600,0.306939095,Apple
1999-01-01,0.315843239,0.354737902,0.277885718,0.308814526,15127403200,0.308814526,Apple
1999-02-01,0.312563051,0.314437384,0.258672988,0.261015892,8116516800,0.261015892,Apple
1999-03-01,0.261015955,0.278354252,0.239928165,0.269451231,9951995200,0.269451231,Apple
1999-04-01,0.270388336,0.353332038,0.251174859,0.344896764,15888969600,0.344896764,Apple
1999-05-01,0.345365308,0.37488839,0.306939232,0.33036992,8908905600,0.33036992,Apple
1999-06-01,0.337399545,0.367390355,0.31537459,0.347239733,6918620800,0.347239733,Apple
1999-07-01,0.34723961,0.424560349,0.338805163,0.417531639,11466582400,0.417531639,Apple
1999-08-01,0.41706296,0.493915084,0.390820808,0.489228427,9244603200,0.489228427,Apple
1999-09-01,0.502349723,0.600758286,0.430652819,0.474701822,18967468800,0.474701822,Apple
1999-10-01,0.465798824,0.607787001,0.4461168,0.600758314,14468496000,0.600758314,Apple
1999-11-01,0.599821298,0.777892639,0.579670624,0.733843625,8624929600,0.733843625,Apple
1999-12-01,0.757273909,0.884735174,0.682764652,0.770863533,9418214400,0.770863533,Apple
2000-01-01,0.786328036,0.910977905,0.648556179,0.777892709,12555177600,0.777892709,Apple
2000-02-01,0.779766729,0.899263046,0.727282405,0.859431207,7319782400,0.859431207,Apple
2000-03-01,0.88895361,1.127475993,0.854744713,1.018290162,8698356800,1.018290162,Apple
2000-04-01,1.015946464,1.045938101,0.786327934,0.930191219,8662404800,0.930191219,Apple
2000-05-01,0.936282678,0.946592286,0.612942302,0.629812002,9807750400,0.629812002,Apple
2000-06-01,0.612942214,0.864117095,0.602632607,0.785390556,8105204800,0.785390556,Apple
2000-07-01,0.781642045,0.909103411,0.702915546,0.76195997,5746770400,0.76195997,Apple
2000-08-01,0.754462472,0.922224231,0.663552107,0.913789809,5636086400,0.913789809,Apple
2000-09-01,0.919412859,0.961587576,0.380511348,0.386134297,14516930400,0.386134297,Apple
2000-10-01,0.400193524,0.401130691,0.262421704,0.293349683,21905788800,0.293349683,Apple
2000-11-01,0.291475304,0.344896803,0.241802446,0.247426271,8488373600,0.247426271,Apple
2000-12-01,0.2549235,0.262421633,0.204314345,0.223058388,8858970400,0.223058388,Apple
2001-01-01,0.223058377,0.337399465,0.216498262,0.324278384,13709460800,0.324278384,Apple
2001-02-01,0.31022012,0.328964174,0.269919738,0.273668379,7023766400,0.273668379,Apple
2001-03-01,0.26710742,0.356143486,0.257735806,0.330951035,10799062400,0.330951035,Apple
2001-04-01,0.331250797,0.406678765,0.281165638,0.382236183,11158991200,0.382236183,Apple
2001-05-01,0.381036157,0.400380594,0.289413639,0.2991606,7468434400,0.2991606,Apple
2001-06-01,0.301859605,0.376387352,0.290163581,0.348646253,7638265600,0.348646253,Apple
2001-07-01,0.354494215,0.378186878,0.267670021,0.281766057,8655102400,0.281766057,Apple
2001-08-01,0.285064709,0.298410832,0.259122331,0.278167009,5129359200,0.278167009,Apple
2001-09-01,0.277417013,0.286114314,0.220134362,0.232580304,5531523200,0.232580304,Apple
2001-10-01,0.232280548,0.291213305,0.222383251,0.263321042,7544247200,0.263321042,Apple
2001-11-01,0.264671279,0.323153093,0.258672959,0.319404453,5369744800,0.319404453,Apple
2001-12-01,0.315805282,0.360342218,0.301259971,0.328401506,4629839200,0.328401506,Apple
2002-01-01,0.330651222,0.370839084,0.303659144,0.370689601,8515376800,0.370689601,Apple
2002-02-01,0.364991202,0.389584101,0.314006651,0.325402886,7837424000,0.325402886,Apple
2002-03-01,0.328851617,0.379386899,0.327202372,0.354944319,5318583200,0.354944319,Apple
2002-04-01,0.350595229,0.392432384,0.344896701,0.363941371,6422836000,0.363941371,Apple
2002-05-01,0.36424133,0.389584124,0.332000837,0.349395394,5976157600,0.349395394,Apple
2002-06-01,0.35074562,0.351644971,0.239628314,0.265720993,8708016800,0.265720993,Apple
2002-07-01,0.265570647,0.281766053,0.206938525,0.228831634,8118415200,0.228831634,Apple
2002-08-01,0.226582006,0.243677646,0.209487243,0.22118412,5151686400,0.22118412,Apple
2002-09-01,0.21728519,0.227782074,0.210687282,0.217435524,5291837600,0.217435524,Apple
2002-10-01,0.218784836,0.246525953,0.200339764,0.240977734,6611432800,0.240977734,Apple
2002-11-01,0.239028659,0.260621973,0.22508296,0.232430756,4531721600,0.232430756,Apple
2002-12-01,0.238429159,0.241427907,0.206637936,0.21488595,4530439200,0.21488595,Apple
2003-01-01,0.215336055,0.230631262,0.203339412,0.215336055,6045832800,0.215336055,Apple
2003-02-01,0.21608509,0.229431233,0.206938539,0.225083008,4114303200,0.225083008,Apple
2003-03-01,0.225083021,0.227331875,0.210536883,0.212036669,4028404800,0.212036669,Apple
2003-04-01,0.212935997,0.224182743,0.190743111,0.213236615,7775342400,0.213236615,Apple
2003-05-01,0.213685987,0.285064691,0.209937345,0.269169897,10811544800,0.269169897,Apple
2003-06-01,0.271418609,0.295261601,0.249375195,0.285814434,6113335200,0.285814434,Apple
2003-07-01,0.282965248,0.323453755,0.277567337,0.316105932,5218270400,0.316105932,Apple
2003-08-01,0.314905979,0.342647931,0.291213287,0.339048773,4307564800,0.339048773,Apple
2003-09-01,0.339798704,0.349696002,0.302159451,0.310707271,5347484800,0.310707271,Apple
2003-10-01,0.31055689,0.375037854,0.302759816,0.343247473,7040191200,0.343247473,Apple
2003-11-01,0.342348161,0.349395343,0.297660903,0.313556522,4974104800,0.313556522,Apple
2003-12-01,0.315505545,0.328401563,0.288663797,0.32045418,5453873600,0.32045418,Apple
2004-01-01,0.323153219,0.372488502,0.317604998,0.338298947,7927802400,0.338298947,Apple
2004-02-01,0.336799038,0.361391929,0.325402782,0.358692974,4922030400,0.358692974,Apple
2004-03-01,0.361391959,0.421973977,0.353894677,0.405478776,11626115200,0.405478776,Apple
2004-04-01,0.40322991,0.443567231,0.382236176,0.386584401,8930174400,0.386584401,Apple
2004-05-01,0.389883854,0.431571537,0.38238572,0.420774013,5304275200,0.420774013,Apple
2004-06-01,0.416725626,0.512697202,0.41402667,0.487954021,8227234400,0.487954021,Apple
2004-07-01,0.481356004,0.504299627,0.430971049,0.484955162,9696579200,0.484955162,Apple
2004-08-01,0.467560691,0.527542309,0.445366957,0.517195761,8011365600,0.517195761,Apple
2004-09-01,0.514346302,0.588874034,0.512697007,0.581076086,7673506400,0.581076086,Apple
2004-10-01,0.586624567,0.797761874,0.564581142,0.785765231,16094366400,0.785765231,Apple
2004-11-01,0.787264793,1.043237969,0.780367096,1.005449295,17439604000,1.005449295,Apple
2004-12-01,1.016546676,1.018945814,0.923724172,0.965711594,15948615200,0.965711594,Apple
2005-01-01,0.971409857,1.168000991,0.93871928,1.153155088,25708244800,1.153155088,Apple
2005-02-01,1.155405216,1.36279305,1.148357159,1.345398545,21448946400,1.345398545,Apple
2005-03-01,1.34929766,1.352895968,1.164552758,1.249726892,14675920000,1.249726892,Apple
2005-04-01,1.262322749,1.333101828,1.019695667,1.081476927,19375518400,1.081476927,Apple
2005-05-01,1.085975626,1.227833634,0.993003648,1.192444086,12858294400,1.192444086,Apple
2005-06-01,1.196342572,1.22243437,1.065281249,1.10397017,11327195600,1.10397017,Apple
2005-07-01,1.104569946,1.331002493,1.088374613,1.279117703,10094246400,1.279117703,Apple
2005-08-01,1.276718483,1.449466626,1.260223234,1.406280041,9400806800,1.406280041,Apple
2005-09-01,1.4095787,1.636310977,1.382286825,1.607820034,12347770400,1.607820034,Apple
2005-10-01,1.624314527,1.738879788,1.435670823,1.727183819,18643447200,1.727183819,Apple
2005-11-01,1.716688463,2.131464291,1.705591117,2.033993721,13456427600,2.033993721,Apple
2005-12-01,2.067882255,2.263123786,2.063683413,2.156055927,13064164400,2.156055927,Apple
2006-01-01,2.170751539,2.591225739,2.125464632,2.264623642,21878371200,2.264623642,Apple
2006-02-01,2.247828726,2.293114833,1.886436818,2.05408597,18760697200,2.05408597,Apple
2006-03-01,2.064583226,2.099073519,1.729583781,1.881038427,23192632400,1.881038427,Apple
2006-04-01,1.909529857,2.160854102,1.83095274,2.111069441,20119282400,2.111069441,Apple
2006-05-01,2.122465528,2.213338244,1.760173532,1.792564392,15608779200,1.792564392,Apple
2006-06-01,1.794964183,1.892434713,1.661804292,1.717587113,17936623600,1.717587113,Apple
2006-07-01,1.7250853,2.058285256,1.504351343,2.038191795,17479742000,2.038191795,Apple
2006-08-01,2.01599722,2.09937261,1.876839025,2.034891605,17887646000,2.034891605,Apple
2006-09-01,2.053786716,2.332703639,2.033992972,2.308711052,17721558400,2.308711052,Apple
2006-10-01,2.25232695,2.477259668,2.177349044,2.43167305,14387956800,2.43167305,Apple
2006-11-01,2.432274387,2.793966092,2.333003348,2.748979092,13834884000,2.748979092,Apple
2006-12-01,2.75317726,2.769072876,2.302412584,2.544440031,16890792800,2.544440031,Apple
2007-01-01,2.58792667,2.933123187,2.456265812,2.571131706,27209781200,2.571131706,Apple
2007-02-01,2.586128229,2.723486771,2.485058485,2.53754282,13722354800,2.53754282,Apple
2007-03-01,2.520146566,2.904032033,2.511749084,2.786467075,15918644000,2.786467075,Apple
2007-04-01,2.823357203,3.074081878,2.687197742,2.993106604,13459740000,2.993106604,Apple
2007-05-01,2.986807337,3.66400436,2.955616548,3.634613276,17365068000,3.634613276,Apple
2007-06-01,3.63191618,3.827157989,3.460967678,3.660107613,23279541600,3.660107613,Apple
2007-07-01,3.63041608,4.466266478,3.577931747,3.95162034,24018573600,3.95162034,Apple
2007-08-01,4.008003244,4.188249543,3.347600742,4.153159618,24360798000,4.153159618,Apple
2007-09-01,4.196946538,4.648611574,3.898835553,4.602725029,20931223600,4.602725029,Apple
2007-10-01,4.637516897,5.701899381,4.586532137,5.696801186,23277791600,5.696801186,Apple
2007-11-01,5.656311548,5.778675826,4.517551785,5.464968681,26199790400,5.464968681,Apple
2007-12-01,5.454171532,6.086982271,5.308114999,5.940626621,17252678800,5.940626621,Apple
2008-01-01,5.976318125,6.00600915,3.783071997,4.059589863,35173888400,4.059589863,Apple
2008-02-01,4.085977878,4.096474578,3.462164571,3.749478817,24865954400,3.749478817,Apple
2008-03-01,3.732085592,4.370894626,3.538943256,4.303714752,22927273600,4.303714752,Apple
2008-04-01,4.387689362,5.398387386,4.307014015,5.216941833,22786982400,5.216941833,Apple
2008-05-01,5.24723187,5.765477285,5.158458763,5.660808563,18588214400,5.660808563,Apple
2008-06-01,5.65631004,5.696798472,4.923029525,5.021699905,19475794800,5.021699905,Apple
2008-07-01,4.925429805,5.425680342,4.394588099,4.767077446,19749760800,4.767077446,Apple
2008-08-01,4.795568592,5.411885168,4.585931157,5.084383011,13085755200,5.084383011,Apple
2008-09-01,5.170456328,5.203446431,3.016799165,3.408782482,24067562400,3.408782482,Apple
2008-10-01,3.356598189,3.490958154,2.549238729,3.226736784,41426711200,3.226736784,Apple
2008-11-01,3.17695165,3.352699415,2.373491879,2.779270649,23619461600,2.779270649,Apple
2008-12-01,2.738182598,3.107072738,2.535743388,2.559735775,20213846800,2.559735775,Apple
2009-01-01,2.575631034,2.914229674,2.345299542,2.70309329,18105740800,2.70309329,Apple
2009-02-01,2.672202588,3.089077704,2.594525794,2.678500652,13867450800,2.678500652,Apple
2009-03-01,2.642810516,3.298414452,2.469162221,3.152658463,15424598000,3.152658463,Apple
2009-04-01,3.121767616,3.814860661,3.11576927,3.773773193,11821681200,3.773773193,Apple
2009-05-01,3.772873002,4.075782256,3.580330107,4.073083401,9457142800,4.073083401,Apple
2009-06-01,4.092879623,4.390690005,3.985211274,4.271625996,12675572000,4.271625996,Apple
2009-07-01,4.303715135,4.948522572,4.031396209,4.900237083,10942136800,4.900237083,Apple
2009-08-01,4.954820954,5.173155985,4.781172808,5.044794559,8165124800,5.044794559,Apple
2009-09-01,5.038195881,5.665309001,4.92183036,5.558840752,9989319200,5.558840752,Apple
2009-10-01,5.558839714,6.259430446,5.419380585,5.653311253,12956176800,5.653311253,Apple
2009-11-01,5.692300103,6.238137203,5.565438282,5.995510101,8454784800,5.995510101,Apple
2009-12-01,6.06539015,6.416584994,5.658711393,6.320014,11393958800,6.320014,Apple
2010-01-01,6.400986718,6.465767637,5.705794614,5.76007843,15168994400,5.76007843,Apple
2010-02-01,5.769376647,6.153261961,5.723790021,6.136766911,10776080000,6.136766911,Apple
2010-03-01,6.170654747,7.122270755,6.161657632,7.047892094,12154172800,7.047892094,Apple
2010-04-01,7.120173689,8.171359406,6.98041543,7.830361843,12367129600,7.830361843,Apple
2010-05-01,7.912836318,8.034000493,5.975714703,7.704098701,18082654800,7.704098701,Apple
2010-06-01,7.788374693,8.367801341,7.263830913,7.543647766,16651252800,7.543647766,Apple
2010-07-01,7.626723472,7.977319239,7.185855387,7.715197086,15669704400,7.715197086,Apple
2010-08-01,7.81086859,7.926033645,7.064691068,7.290823936,9589120800,7.290823936,Apple
2010-09-01,7.42188494,8.83926159,7.386195975,8.509961128,11849919200,8.509961128,Apple
2010-10-01,8.581937418,9.56714298,8.330612312,9.026704788,12234577600,9.026704788,Apple
2010-11-01,9.063891672,9.636120969,8.930131783,9.331711769,9508086000,9.331711769,Apple
2010-12-01,9.455276727,9.796874946,9.443879868,9.673912048,6973234800,9.673912048,Apple
2011-01-01,9.766282246,10.45487626,9.742289666,10.17655945,10841535600,10.17655945,Apple
2011-02-01,10.23594553,10.94373368,10.12857752,10.59313869,9295949600,10.59313869,Apple
2011-03-01,10.66091368,10.84685835,9.784875088,10.45217609,11306458800,10.45217609,Apple
2011-04-01,10.53015499,10.65071853,9.601932225,10.50076389,9253829200,10.50076389,Apple
2011-05-01,10.48906859,10.55175011,9.879650985,10.43178558,6912060400,10.43178558,Apple
2011-06-01,10.46297869,10.56074856,9.312221722,10.06709576,9263850400,10.06709576,Apple
2011-07-01,10.07548963,12.13137646,10.02300531,11.71090126,10653946800,11.71090126,Apple
2011-08-01,11.92983803,11.98142221,10.58743855,11.54145432,16142599200,11.54145432,Apple
2011-09-01,11.57114141,12.68200912,10.99111354,11.43618107,11977448000,11.43618107,Apple
2011-10-01,11.40769343,12.79717862,10.62402756,12.13977432,13141427600,12.13977432,Apple
2011-11-01,11.91874009,12.23634569,10.89634489,11.46257591,8963701600,11.46257591,Apple
2011-12-01,11.47277285,12.2690352,11.32701626,12.14637184,6306532400,12.14637184,Apple
2012-01-01,12.27833352,13.74309432,12.26633683,13.69031048,6859854400,13.69031048,Apple
2012-02-01,13.74819159,16.42339246,13.61533106,16.26833725,11368554400,16.26833725,Apple
2012-03-01,16.44018645,18.63793032,15.4819729,17.98112679,15584338000,17.98112679,Apple
2012-04-01,18.04950851,19.31423043,16.64502754,17.51416779,15598990400,17.51416779,Apple
2012-05-01,17.54175856,17.89745161,15.66072083,17.3267231,11106345600,17.3267231,Apple
2012-06-01,17.06969911,17.69471224,16.4500853,17.51476669,7855825600,17.51476669,Apple
2012-07-01,17.53665436,18.59053838,17.09488642,18.31731987,8909650400,18.31731987,Apple
2012-08-01,18.47178264,20.42000043,18.00212259,19.95124054,8276206400,19.95124054,Apple
2012-09-01,20.05256917,21.23657768,19.75859947,20.09292984,9199005200,20.09292984,Apple
2012-10-01,20.21521524,20.38358605,17.70141656,17.93092918,12142830000,17.93092918,Apple
2012-11-01,18.01827135,18.16224331,15.2330929,17.62852097,12929851200,17.62852097,Apple
2012-12-01,17.96228991,17.99073169,15.1659033,16.10206604,12132752800,16.10206604,Apple
2013-01-01,16.75713827,16.79284198,13.16195729,13.78193092,13123423600,13.78193092,Apple
2013-02-01,13.89146395,14.67301249,13.24244333,13.35560608,9344034000,13.35560608,Apple
2013-03-01,13.32996838,14.30232722,12.7517283,13.47179031,9176876800,13.47179031,Apple
2013-04-01,13.44866141,13.55061468,11.72002546,13.47544289,10963489600,13.47544289,Apple
2013-05-01,13.52657177,14.1745055,12.74868593,13.68695831,9447530400,13.68695831,Apple
2013-06-01,13.80818997,13.92154024,11.91309834,12.14776421,7018536000,12.14776421,Apple
2013-07-01,12.33647525,14.01068568,12.29144094,13.86333084,6538114800,13.86333084,Apple
2013-08-01,13.96197992,15.73851199,13.88569701,14.92606831,8058338400,14.92606831,Apple
2013-09-01,15.2059407,15.6629513,13.79111957,14.7017498,8630941200,14.7017498,Apple
2013-10-01,14.75417068,16.62908685,14.74892861,16.11872673,7837732000,16.11872673,Apple
2013-11-01,16.15943133,17.21746356,15.80048364,17.14777184,5225155600,17.14777184,Apple
2013-12-01,17.30775766,17.83939712,16.71222154,17.40143013,7057397200,17.40143013,Apple
2014-01-01,17.2357943,17.37599322,15.30867756,15.52735043,8765954400,15.52735043,Apple
2014-02-01,15.58970308,17.09653183,15.48703572,16.32264709,5880366800,16.32264709,Apple
2014-03-01,16.33235855,17.13053619,16.3133246,16.74798584,5001698800,16.74798584,Apple
2014-04-01,16.77980517,18.70410458,15.95510662,18.41266632,6435060800,18.41266632,Apple
2014-05-01,18.472268,20.10013684,18.10812675,19.75159836,5735668400,19.75159836,Apple
2014-06-01,19.89203398,20.87697087,19.53244799,20.41132927,4827739200,20.41132927,Apple
2014-07-01,20.54092398,21.8412062,20.3322647,20.99777985,4140344000,20.99777985,Apple
2014-08-01,20.84402852,22.60116472,20.48820783,22.51330757,3748308000,22.51330757,Apple
2014-09-01,22.74890037,22.89899992,21.22141781,22.23900414,6105680000,22.23900414,Apple
2014-10-01,22.20368335,23.84815644,21.00951053,23.83932686,5441120800,23.83932686,Apple
2014-11-01,23.88789213,26.4329611,23.77752486,26.25195885,3281632800,26.25195885,Apple
2014-12-01,26.33918833,26.43673322,23.55695873,24.47032738,4294378400,24.47032738,Apple
2015-01-01,24.69423989,26.60300568,23.19560343,25.97340202,5221053600,25.97340202,Apple
2015-02-01,26.17070435,29.61801076,25.73397146,28.47851563,4546140800,28.47851563,Apple
2015-03-01,28.76673304,28.99597637,27.07077494,27.6939621,4554568400,27.6939621,Apple
2015-04-01,27.78076822,29.94411456,27.39795333,27.85421562,3984542000,27.85421562,Apple
2015-05-01,28.06564337,29.59467628,27.45581146,28.99597168,3816608400,28.99597168,Apple
2015-06-01,29.11710083,29.36518188,27.82082317,28.033144,3514426800,28.033144,Apple
2015-07-01,28.36167864,29.718301,26.64522711,27.11009979,4233122400,27.11009979,Apple
2015-08-01,27.15480192,27.3939429,20.56166071,25.20144463,6427276400,25.20144463,Apple
2015-09-01,24.72954902,26.242732,24.10317169,24.76322556,4826189200,24.76322556,Apple
2015-10-01,24.4870812,27.21485305,24.09194675,26.82869911,4450048400,26.82869911,Apple
2015-11-01,27.12056173,27.798575,24.92038308,26.55929184,3002562400,26.55929184,Apple
2015-12-01,26.77443817,27.02470884,23.63365558,23.73286247,3687660800,23.73286247,Apple
2016-01-01,23.13536973,23.86588867,20.83107672,21.94714737,5087392000,21.94714737,Apple
2016-02-01,21.75098327,22.29661755,20.87616291,21.8005867,3243450400,21.8005867,Apple
2016-03-01,22.13651719,25.03137889,22.08437716,24.70720863,2984198400,24.70720863,Apple
2016-04-01,24.65959884,25.47795854,20.97131428,21.25014496,3489534800,21.25014496,Apple
2016-05-01,21.30227922,22.8347199,20.2821637,22.63749695,3602686000,22.63749695,Apple
2016-06-01,22.58374345,23.2383123,20.86863861,21.80373573,3117990800,21.80373573,Apple
2016-07-01,21.77864958,23.84498828,21.52320941,23.7674427,2743118400,23.7674427,Apple
2016-08-01,23.81305634,25.14043854,23.71954575,24.19849777,2520514000,24.19849777,Apple
2016-09-01,24.33876274,26.64101638,23.51096032,25.92328262,3872062400,25.92328262,Apple
2016-10-01,25.84532026,27.21658371,25.74671769,26.03564644,2747657200,26.03564644,Apple
2016-11-01,26.01729648,26.08838143,23.86638716,25.34313011,2886220000,25.34313011,Apple
2016-12-01,25.43867561,27.20188761,24.9500459,26.6948204,2435086800,26.6948204,Apple
2017-01-01,26.69021489,28.22063808,26.45050982,27.96940804,2252488000,27.96940804,Apple
2017-02-01,29.27856152,31.68713337,29.27395259,31.57419777,2299874400,31.57419777,Apple
2017-03-01,31.91942858,33.44954276,31.72498226,33.25509644,2246513600,33.25509644,Apple
2017-04-01,33.26666915,33.67176739,32.42174784,33.2527771,1493216400,33.2527771,Apple
2017-05-01,33.58843985,36.26208598,33.39630707,35.36161041,2615927200,35.36161041,Apple
2017-06-01,35.60286638,36.2560228,33.052997,33.47603989,2736712400,33.47603989,Apple
2017-07-01,33.67593862,35.79346907,33.10181102,34.5708313,1688047600,34.5708313,Apple
2017-08-01,34.65683239,38.24105955,34.4964481,38.12018967,2644276000,38.12018967,Apple
2017-09-01,38.45656682,38.48923609,34.80692683,35.96435547,2721496400,35.96435547,Apple
2017-10-01,35.99702385,39.58832551,35.5769914,39.44598007,2017165200,39.44598007,Apple
2017-11-01,39.63966981,41.12613072,38.56858048,40.10171127,2402653600,40.10171127,Apple
2017-12-01,39.80090832,41.49879941,38.98358097,39.63228989,2124735200,39.63228989,Apple
2018-01-01,39.85008157,42.17794887,38.57139264,39.21073532,2638717600,39.21073532,Apple
2018-02-01,39.14984519,42.29972438,35.18497949,41.71424484,3711577200,41.71424484,Apple
2018-03-01,41.98308035,43.14940929,38.78508814,39.45290375,2854910800,39.45290375,Apple
2018-04-01,39.18485523,42.07716105,37.77162452,38.86035156,2664617200,38.86035156,Apple
2018-05-01,39.13076779,44.76488137,38.86270067,43.94186783,2483905200,43.94186783,Apple
2018-06-01,44.3756854,45.84157518,42.6619352,43.69585037,2110498000,43.69585037,Apple
2018-07-01,43.39133973,46.257028,43.29691621,44.91860199,1574765600,44.91860199,Apple
2018-08-01,47.00531898,54.02554543,46.57570002,53.73284149,2801275600,53.73284149,Apple
2018-09-01,54.10605583,54.40452495,51.000542,53.47358322,2715888000,53.47358322,Apple
2018-10-01,53.99709171,55.3046775,48.81886633,51.84384155,3158994000,51.84384155,Apple
2018-11-01,51.88886152,52.67293823,40.33141819,42.3022728,3845305600,42.3022728,Apple
2018-12-01,43.84758594,43.96168467,34.84558835,37.49603271,3595690000,37.49603271,Apple
2019-01-01,36.81856464,40.17262218,33.75451094,39.56409073,3312349600,39.56409073,Apple
2019-02-01,39.68770622,41.80568051,39.44286378,41.15911484,1890162400,41.15911484,Apple
2019-03-01,41.60539238,47.19399919,40.46427621,45.34624863,2603925600,45.34624863,Apple
2019-04-01,45.74969972,49.76986659,44.97145003,47.90540695,2024470800,47.90540695,Apple
2019-05-01,50.104088,51.40037552,41.77489247,41.79399109,2957826400,41.79399109,Apple
2019-06-01,42.08194457,48.30556708,40.80462775,47.4308548,2060874800,47.4308548,Apple
2019-07-01,48.68899908,53.05056645,47.54828259,51.05430984,1895406800,51.05430984,Apple
2019-08-01,51.26040795,52.25014961,46.15114417,50.02383423,2724326400,50.02383423,Apple
2019-09-01,49.65821532,54.46695452,49.12658603,53.87759018,2170268400,53.87759018,Apple
2019-10-01,54.14220685,60.07915635,51.75106786,59.84100342,2433210800,59.84100342,Apple
2019-11-01,60.02863328,64.46932016,59.93722405,64.28890228,1793326000,64.28890228,Apple
2019-12-01,64.4867337,70.92889573,61.83749096,70.85168457,2388794800,70.85168457,Apple
2020-01-01,71.4765935,79.10343771,70.63453091,74.67837524,2934370400,74.67837524,Apple
2020-02-01,73.42130746,78.95143371,61.85678932,65.95612335,3019279200,65.95612335,Apple
2020-03-01,68.26998877,73.52301501,51.42015877,61.50054932,6280072400,61.50054932,Apple
2020-04-01,59.61651762,71.23266881,57.29473696,71.0561142,3265299200,71.0561142,Apple
2020-05-01,69.23014094,78.41809685,69.13340161,76.89443207,2805936000,76.89443207,Apple
2020-06-01,77.05650804,90.30465095,76.92555234,88.46644592,3243375600,88.46644592,Apple
2020-07-01,88.54405212,103.225411,86.47304266,103.075058,3020283200,103.075058,Apple
2020-08-01,104.9569007,127.0735156,104.6586222,125.1722565,4070061100,125.1722565,Apple
2020-09-01,129.0129742,134.085646,100.1901024,112.5413742,3885245100,112.5413742,Apple
2020-10-01,114.3196958,121.8509577,104.6796824,105.7875061,2894666500,105.7875061,Apple
2020-11-01,106.0304502,118.5469189,104.2909707,115.6899033,2123077300,115.6899033,Apple
2020-12-01,117.7974657,135.1054391,116.8240134,129.1673889,2322189600,129.1673889,Apple
2021-01-01,129.9753705,141.2382072,123.0249134,128.4567871,2240262000,128.4567871,Apple
2021-02-01,130.1992501,134.219613,115.2470216,118.0408325,1833855600,118.0408325,Apple
2021-03-01,120.644742,125.490031,113.2939423,119.0848923,2650418200,119.0848923,Apple
2021-04-01,120.5569788,133.6304826,119.4163322,128.1612549,1889857500,128.1612549,Apple
2021-05-01,128.7266976,130.7057723,119.1823658,121.4831467,1711934900,121.4831467,Apple
2021-06-01,122.1485169,134.189542,120.2442144,133.7500916,1606590000,133.7500916,Apple
2021-07-01,133.3984715,146.4844058,132.5781475,142.4414368,1919035100,142.4414368,Apple
2021-08-01,142.9297599,149.8926588,141.1133522,148.2715607,1461542800,148.2715607,Apple
2021-09-01,149.4717065,153.8043542,138.165729,138.3906708,1797835100,138.3906708,Apple
2021-10-01,138.7819007,149.8042593,135.231676,146.508316,1565079200,146.508316,Apple
2021-11-01,145.7161068,162.0589138,144.2392779,161.6677094,1691029000,161.6677094,Apple
2021-12-01,164.0388724,178.3878755,154.5577694,173.9215698,2444766700,173.9215698,Apple
2022-01-01,174.1762248,179.181233,151.5214597,171.1888885,2108446000,171.1888885,Apple
2022-02-01,170.4346808,173.0204372,148.8769169,161.7273407,1627516300,161.7273407,Apple
2022-03-01,161.521482,176.1437403,147.2032537,171.2402344,2180800100,171.2402344,Apple
2022-04-01,170.671435,175.0453691,152.3813629,154.6075439,1687795600,154.6075439,Apple
2022-05-01,153.6856883,163.267128,130.0507839,145.9675598,2401040300,145.9675598,Apple
2022-06-01,147.2230822,149.0302349,126.7355992,134.2784576,1749099800,134.2784576,Apple
2022-07-01,133.6105943,160.7079042,133.2373905,159.6078949,1447125400,159.6078949,Apple
2022-08-01,158.1347273,173.0043612,154.3338414,154.4124146,1510239600,154.4124146,Apple
2022-09-01,154.0564553,161.5507699,135.723895,135.9205933,2084722800,135.9205933,Apple
2022-10-01,135.9304532,154.9022889,132.1537765,150.8108978,1868139700,150.8108978,Apple
2022-11-01,152.5222105,152.8861031,132.1636262,145.5884857,1724847700,145.5884857,Apple
2022-12-01,146.00728,148.676995,123.9992976,127.9989471,1675731200,127.9989471,Apple
2023-01-01,128.3437896,145.0418772,122.3245952,142.1455688,1443652500,142.1455688,Apple
2023-02-01,141.8303006,155.041003,139.2196912,145.2191772,1307198900,145.2191772,Apple
2023-03-01,144.8686655,162.7959511,141.9777962,162.6972809,1520266600,162.6972809,Apple
2023-04-01,162.0756994,167.581164,157.645671,167.4134216,969776400,167.4134216,Apple
2023-05-01,167.0187849,176.9542788,162.1151722,174.8823242,1275364700,174.8823242,Apple
2023-06-01,175.5688162,192.1475701,174.8080467,191.643692,1297383300,191.643692,Apple
2023-07-01,191.4559568,195.852584,184.3620752,194.0939331,996114000,194.0939331,Apple
2023-08-01,193.8864639,194.3705776,169.8976595,185.6168365,1322657800,185.6168365,Apple
2023-09-01,187.4702222,187.9549896,165.8333253,169.3850708,1337823000,169.3850708,Apple
2023-10-01,169.3949838,180.396452,163.9041377,168.9497833,1172816900,168.9497833,Apple
2023-11-01,169.1773279,190.873571,168.3067029,187.9253387,1099651600,187.9253387,Apple
2023-12-01,188.5493452,197.7524247,185.6962845,190.7287598,1063181200,190.7287598,Apple
2024-01-01,185.399092,194.5427507,178.4843984,182.6748199,1187490800,182.6748199,Apple
2024-02-01,182.2686685,189.2626156,177.5730086,179.0589752,1161553500,179.0589752,Apple
2024-03-01,178.0971613,179.0692273,167.1266565,170.092453,1433151800,170.092453,Apple
2024-04-01,169.8048242,176.9168065,162.7523539,168.9517822,1246144100,168.9517822,Apple
2024-05-01,168.2078345,191.4383283,167.7416364,190.694397,1336511300,190.694397,Apple
2024-06-01,191.5986533,218.7144852,190.8537129,209.1991119,1717952100,209.1991119,Apple
2024-07-01,210.6592207,235.6296237,210.4903694,220.5818329,1153099800,220.5818329,Apple
2024-08-01,222.8563987,231.3487236,194.6777871,227.4551697,1122667000,227.4551697,Apple
2024-09-01,227.2709369,231.7855223,212.7228079,231.6960297,1232097700,231.6960297,Apple
2024-10-01,228.235519,236.160917,220.0913511,224.6457214,930736000,224.6457214,Apple
2024-11-01,219.733386,236.4791406,218.4804428,236.0018311,891588300,236.0018311,Apple
2024-12-01,236.2017234,258.9289358,236.0922181,249.292511,977916100,249.292511,Apple
2025-01-01,247.8091998,247.9784478,218.3922592,234.9374237,1200176400,234.9374237,Apple
2025-02-01,228.9545065,248.8744088,224.6838132,240.7511444,862272300,240.7511444,Apple
2025-03-01,240.9660062,243.1983781,207.7097315,221.3730164,1115239500,221.3730164,Apple
2025-04-01,219.0609194,224.42259,168.6333654,211.7758331,1607318600,211.7758331,Apple
2025-05-01,208.367476,213.8287964,192.5914214,200.1655273,1195728200,200.1655273,Apple
2025-06-01,199.8592118,206.9542744,194.6601665,204.7389374,1100409300,204.7389374,Apple
2025-07-01,206.2357929,215.7757053,205.7069076,207.1339111,1079935600,207.1339111,Apple
2025-08-01,210.426952,234.6260021,201.0766435,231.6522675,1218079100,231.6522675,Apple
2025-09-01,229.0279821,257.3505325,225.7311749,254.3834076,1265536400,254.3834076,Apple
2025-10-01,254.7929989,277.0514357,243.7636973,270.1081543,1097142200,270.1081543,Apple
2025-11-01,270.1581273,280.1084731,265.0630603,278.5799561,877578200,278.5799561,Apple
2025-12-01,278.0100098,288.6199951,271.7900085,274.6099854,536613404,274.6099854,Apple